Ontology ID	Label	editor preferred term	has curation status	alternative term	definition	definition source	example of usage	editor note	term editor	curator note	ontology term requester	term tracker item	Logical Type	Class Type	Parent	exact synonym	Has Subset	Member of superset	db xref	deprecated														
ID	LABEL	A editor preferred term	AI has curation status	A alternative term SPLIT=|	A IAO:0000115	A definition source SPLIT=|	A example of usage SPLIT=|	A editor note SPLIT=|	A term editor SPLIT=|	A rdfs:comment SPLIT=|	A ontology term requester	A term tracker item	TYPE	CLASS_TYPE	C % SPLIT=|	A oboInOwl:hasExactSynonym	C 'has subset some % SPLIT=|	C 'part of' superset %	A http://www.geneontology.org/formats/oboInOwl#hasDbXref	A owl:deprecated														
obo:RBO_00000001	ionizing radiation categorized by source				Ionizing radiation classified by the material entity which generates or emits it.										obo:RBO_00000116																			
obo:RBO_00000002	space radiation				Radiation originating outside the Earth's atmosphere.										http://purl.obolibrary.org/obo/RBO_00000001																			
obo:RBO_00000003	ground radiation				Radiation produced on Earth or on another planetary body by natural or artificial means.		One of the principal sources of ground radiation is radon gas.								http://purl.obolibrary.org/obo/RBO_00000001																			
obo:RBO_00000004	tissue equivalent material				Material presenting, when irradiated, interaction properties similar to those of soft tissue.	ICRP glossary (http://icrpaedia.org/Tissue_equivalent_material)									BFO:0000040																			
obo:RBO_00000010	light ion				An atomic nucleus, fully stripped of its orbital electrons, and containing 2, 3, 4, 5, or 6 protons.										charged particle|atomic nucleus																			
obo:RBO_00000011	active dosimeter				A radiation measuring device which records dose at the time of detection, with data available in real time		Ionization chambers and silicon solid state detectors can be used as active dosimeters.								obo:RBO_00000115																			
obo:RBO_00000012	passive dosimeter				A radiation measuring device which integrates the amount of radiation to which it is exposed. Passive detectors are interrogated at a later time to determine the dose.		Thermoluminescent dosimeters and plastic nuclear track detectors are passive detectors.								obo:RBO_00000115																			
obo:RBO_00000013	background ionizing radiation				The amount of ionizing radiation to which a member of the population on Earth is exposed from natural sources, such as terrestrial radiation from naturally-occurring radionuclides in the soil, cosmic radiation originating in outer space, and naturally-occurring ra										obo:RBO_00015000																			
obo:RBO_00000014	effective dose				The sum of the equivalent doses to all organs in the body, each adjusted to account for the sensitivity of the organ to radiation. Effective dose is calculated for the whole body. Effective dose is expressed in millisieverts (mSv).		The effective dose was calculated to be 300 mSv.								radiation dose																			
obo:RBO_00000015	mixed radiation field	mixed radiation			The process of exposing the same sample to more than one type and/or energy of radiation, in sequence or simultaneously.		The samples were exposed to a mixed radiation field consisting of several ions at different energies.								particle accelerator radiation	mixed field|mixed radiation																		
obo:RBO_00000016	radiation environment				Radiation classified by where the exposure to the radiation is occurring.										ENVO:01000254																			
obo:RBO_00000017	Earth surface				That part of the Earth exposed to the Earth atmosphere.										radiation environment																			
obo:RBO_00000018	Earth atmosphere				The region between the Earth's surface and an altitude of approximately 100 km										radiation environment																			
obo:RBO_00000019	low Earth orbit	LEO			The region of outer space between the Earth's atmosphere and the innermost Earth radiation belt										ENVO:01000637	LEO																		
obo:RBO_00000020	beyond low Earth orbit	BLEO			That part of outer space beyond the Earth's radiation belts.										ENVO:01000637	BLEO																		
obo:RBO_00000021	fractionated radiation exposure	fractionated			A radiation dose administered in two or more exposures at specified time intervals										obo:RBO_00002000																			
obo:RBO_00000022	millirad				A unit of absorbed dose equal to 1/1000 of a rad										UO:1000135	mrad																		
obo:RBO_00000023	equivalent dose				The product of the mean absorbed dose in an organ or tissue and the radiation weighting factor (w_R )of the radiation type of interest		The equivalent dose was calculated to be 300 mSv.								radiation dose																			
obo:RBO_00000024	dose fraction				The absorbed radiation dose administered in a single one of a series comprising a fractionated radiation exposure		The total dose was administered in five dose fractions.								radiation dose																			
obo:RBO_00000026	cosmic radiation				Penetrating ionizing radiation, both particulate and electromagnetic, that originates in outer space										space radiation																			
obo:RBO_00000027	galactic cosmic radiation				Galactic cosmic radiation consists of high-energy charged particles originating from outside the solar system		Galactic cosmic radiation is one of the principal sources of radiation dose outside low-earth orbit								cosmic radiation																			
obo:RBO_00000028	solar cosmic radiation				Solar cosmic radiation is high-energy charged particles that originate from the sun.		Solar cosmic radiation contributes to the radiation dose to humans in space.								cosmic radiation																			
obo:RBO_00000029	dose rate				The measurement datum representing a dose to an organism or object per unit time.		The dose rate was 0.5 mGy/min.								IAO:0000109																			
obo:RBO_00000033	spacecraft				Vehicles, crewed or uncrewed, which are designed to orbit about the Earth or another celestial body or be placed into a trajectory to another celestial body or location in space.	NASA Thesaurus, 1988	The Apollo spacecraft took 24 astronauts to the Moon between 1968 and 1972.								OBI:0000968																			CHEBI:33250
obo:RBO_00000044	spacecraft module				a self-contained unit of a spacecraft										spacecraft																			
obo:RBO_00000045	International Space Station module	ISS module			A self-contained unit of the International Space Station.		The experiment was conducted in the International Space Station module Columbus|The experiment was conducted on the Russian module of the ISS.								spacecraft module																			
obo:RBO_00000046	space station				A spacecraft capable of supporting a human crew in orbit for an extended period of time. It lacks major propulsion or landing systems. Stations must have docking ports to allow other spacecraft to dock to transfer crew and supplies.	Wikipedia	Mir was a space station that operated in low Earth orbit from 1986 to 2001, operated by the Soviet Union and later by Russia.								spacecraft																			
obo:RBO_00000047	particle accelerator beamline				The path leading from a particle accelerator to an experimental station used in experiments in particle physics, materials science, chemistry, and molecular biology, or in irradiation tests or to produce isotopes.	Wikipedia	The HIMAC accelerator has a beamline dedicated for radiation biology experiments.								obo:RBO_00000121																			
obo:RBO_00000049	particle accelerator radiation				Radiation produced by a particle accelerator.										ground radiation																			
obo:RBO_00000050	nuclear reactor radiation				Radiation produced by a nuclear reactor.										ground radiation																			
obo:RBO_00000051	Cesium-137 gamma radiation	Cs-137 gamma			High energy photons emitted during nuclear decay of the Cesium-137 isotope.										obo:RBO_00000120	Cs-137																		
obo:RBO_00000052	Cobalt-60 gamma radiation	Co-60 gamma			High energy photons emitted during nuclear decay of the Cobalt-60 isotope.										obo:RBO_00000120	Co-60																		
obo:RBO_00000058	Cobalt-57 gamma radiation	Co-57 gamma			High energy photons emitted during nuclear decay of the Cobalt-57 isotope.										obo:RBO_00000120	Co-57			obo:RBO_00000060															
obo:RBO_00000060	radionuclide				Isotopes that exhibit radioactivity and undergo radioactive decay. (From Grant & Hackh's Chemical Dictionary, 5th ed & McGraw-Hill Dictionary of Scientific and Technical Terms, 4th ed)	http://purl.bioontology.org/ontology/MESH/D011868									CHEBI:33250																			
obo:RBO_00000061	actinide				A series of radioactive elements from ACTINIUM, atomic number 89, to and including LAWRENCIUM, atomic number 103	http://purl.bioontology.org/ontology/MESH/D008671									radionuclide																			
obo:RBO_00000062	actinium				A trivalent radioactive element and the prototypical member of the actinide family. It has the atomic symbol Ac, and atomic number 89. Its principal isotope is 227 and it decays primarily by beta-emission.	http://purl.bioontology.org/ontology/MESH/D000186									actinide																			
obo:RBO_00000063	americium				A completely man-made radioactive actinide with atomic symbol Am, and atomic number 95. Its valence can range from +3 to +6. Because of its nonmagnetic ground state, it is an excellent superconductor. It is also used in bone mineral analysis and as a radiation source for radiotherapy	http://purl.bioontology.org/ontology/MESH/D000576									actinide																			
obo:RBO_00000064	californium				A man-made radioactive actinide with atomic symbol Cf, atomic number 98, and atomic weight 251. Its valence can be +2 or +3. Californium has medical use as a radiation source for radiotherapy	http://purl.bioontology.org/ontology/MESH/D002142									actinide																			
obo:RBO_00000065	neptunium				A radioactive element of the actinide metals family. It has the atomic symbol Np, and atomic number 93.	http://purl.bioontology.org/ontology/MESH/D009405									actinide																			
obo:RBO_00000066	plutonium				A naturally radioactive element of the actinide metals series. It has the atomic symbol Pu, and atomic number 94. Plutonium is used as a nuclear fuel, to produce radioisotopes for research, in radionuclide batteries for pacemakers, and as the agent of fission in nuclear weapons.	http://purl.bioontology.org/ontology/MESH/D011005									actinide																			
obo:RBO_00000067	thorium				A radioactive element of the actinide series of metals. It has an atomic symbol Th, atomic number 90, and atomic weight 232.04. It is used as fuel in nuclear reactors to produce fissionable uranium isotopes. Because of its radioopacity, various thorium compounds are used to facilitate visualization in roentgenography.	http://purl.bioontology.org/ontology/MESH/D013910									actinide																			
obo:RBO_00000068	uranium				A radioactive element of the actinide series of metals. It has an atomic symbol U, atomic number 92, and atomic weight 238.03. U-235 is used as the fissionable fuel in nuclear weapons and as fuel in nuclear power reactors.	http://purl.bioontology.org/ontology/MESH/D014501									actinide																			
obo:RBO_00000069	ultraviolet radiation	UV		UV radiation	Electromagnetic radiation with photon energies approximately 3-120 eV. High energy UV radiation can be ioinizing.	http://son.nasa.gov/tass/content/electrospectrum.htm									obo:RBO_00000114																			
obo:RBO_00000070	radioprotectant	radioprotector			A substance present at the time of irradiation that mitigates or prevents the biological effects of irradiation.	Richard T. Hoppe, Theodore Locke Phillips, Mack Roach, Leibel and Phillips Textbook of Radiation Oncology (Third Edition), W.B. Saunders, (2010), ISBN 9781416058977, https://doi.org/10.1016/B978-1-4160-5897-7.00093-7.	E.G. amifostine.								CHEBI:24432																			
obo:RBO_00000071	radionuclide chelator				Radionuclide chelators are small organic molecules or in some cases larger peptides that chemically sequester the radionuclide ion by forming a complex that determines the thermodynamic stability and kinetic inertness of the radionuclide.										CHEBI:24432																			
obo:RBO_00000072	co-carcinogen				A co-carcinogen is generally a chemical  that promotes the effects of a carcinogen in the production of cancer. In some circumstances exposure to radiation or physical trauma is considered to be co-carcinogenic.										CHEBI:24432																			
obo:RBO_00000073	radiation response modifier				Radiation response modifiers are agents that alter tumor or normal tissue response to radiation, such as radiation sensitizers and radiation protectors. 	Citrin DE, Mitchell JB. Altering the response to radiation: sensitizers and protectors. Semin Oncol. 2014 Dec;41(6):848-59. doi: 10.1053/j.seminoncol.2014.09.013. Epub 2014 Oct 7. PMID: 25499642; PMCID: PMC4270009.									CHEBI:24432																			
obo:RBO_00000074	peptide radiation response modifier				Radiation response modifiers that are peptides.	Shaghaghi, Zahra et al. “Potential utility of peptides against damage induced by ionizing radiation.” Future oncology (2021): doi/10.2217/fon-2020-0577									radiation response modifier																			
obo:RBO_00000075	small molecule radiation response modifier				Radiation response modifiers that are small molecules.										radiation response modifier																			
obo:RBO_00000076	nuclear industry worker				A person employed or otherwise working in commercial activities where nuclear materials are created, handled or disposed and at risk of occupational radiation exposure. Excludes health workers.	Nezahat Hunter, Richard G.E. Haylock, Michael Gillies, Wei Zhang; Extended analysis of solid cancer incidence among the Nuclear Industry Workers in the UK: 1955–2011. Radiat Res 2022; doi: https://doi.org/10.1667/RADE-20-00269.1									occupational role																			
obo:RBO_00000077	astronaut														occupational role																			
obo:RBO_00000078	military														occupational role																			
obo:RBO_00000079	medical professional														occupational role																			
obo:RBO_00000080	dentist														medical professional																			
obo:RBO_00000081	radiologist														medical professional																			
obo:RBO_00000082	radiobiology study type				The theme or modality of an experimental, theoretical, critical or summative study involving radiation, radioactive materials including their impacts on orgnisms and society.										OBI:0000011																			
obo:RBO_00000083	epidemiological study				An epidemiological study is the study (scientific, systematic, and data-driven) of the distribution (frequency, pattern) and determinants (causes, risk factors) of health-related states and events (not just diseases) in specified populations (neighborhood, school, city, state, country, global)	https://www.cdc.gov/csels/dsepd/ss1978/lesson1/section1.html									radiobiology study type																			
obo:RBO_00000084	environmental study				A study of the impact of radiation on the composition of or processes within the natural or anthropogenic environment.										radiobiology study type																			
obo:RBO_00000085	lifespan study				A study who endpoint is the lifespan of the organism under investifgation.										radiobiology study type																			
obo:RBO_00000086	carcinogenesis study				A study of the effect of agents including radiation, seperately or together, on the incidence or type of neoplasia or pre-neoplasia.										radiobiology study type																			
obo:RBO_00000087	tissue damage study				A study in which the structural or processual damage to normal tissue caused by radiation is assessed. Often by histopathology or molecular profiling.										radiobiology study type																			
obo:RBO_00000088	dna damage and repair study				A study of the mechanism or effects of radiation on dna damage and its repair.										radiobiology study type																			
obo:RBO_00000089	physiological study				A study of the effects of internal or external radiation on cellular or organismal physiology.										radiobiology study type																			
obo:RBO_00000090	anatomical study				A study of the effects of radiation on the integrity, composition and quality of adult, fetal or embryonic anatomical structures.										radiobiology study type																			
obo:RBO_00000091	external exposure study				A study of the effects of external irradiation on an organism.										radiobiology study type																			
obo:RBO_00000092	internal contamination study				A study of the effects of internal irradiation on an organism where the radiation source is internalised within the body tissues ( eg. by injection), gastrointestinal ( eg gavage), urogenital, auditory or respiratory ( eg instillation or inhalation) systems.										radiobiology study type																			
obo:RBO_00000093	mixed exposure route study				A study of the effects of radiation exposure where the exposoure has an internal and external mode of application.										radiobiology study type																			
obo:RBO_00000094	acute external exposure study				A study of the effects of external irradiation on an organism where the most of the dose is given in a single or small number of fractions closely in time.										external exposure study																			
obo:RBO_00000095	chronic external exposure study				A study of the effects of external irradiation on an organism where  the dose is given over a protracted time period either continuously or in many fractions. Often these are lose dose studies.										external exposure study																			
obo:RBO_00000096	chronic internal contamination study				A study of the effects of internal irradiation on an organism where the radiation source is internalised within the body tissues ( eg. by injection), gastrointestinal ( eg gavage), urogenital, auditory or respiratory ( eg instillation or inhalation) systems. The dose is delivered over a long period of time, often continuously and generlly at low dose. For example long term Radon exposure by inhalation.										internal contamination study																			
obo:RBO_00000097	acute internal contamination study				A study of the effects of internal irradiation on an organism where the radiation source is internalised within the body tissues ( eg. by injection), gastrointestinal ( eg gavage), urogenital, auditory or respiratory ( eg instillation or inhalation) systems. Most of the dose is given over a short period of time and is generally unfractionated, such as in brachytherapy.										internal contamination study																			
obo:RBO_00000098	acute mixed exposure route study				A study of the effects of radiation exposure where the exposoure has an internal and external mode of application. Acute exposure involves usually a single exposure over a short period of time with no fractionation.										mixed exposure route study																			
obo:RBO_00000099	chronic mixed exposure route study				A study of the effects of radiation exposure where the exposoure has an internal and external mode of application.  Chronic exposure involves usually a continuous or highly fractionated exposure over a long period of time.										mixed exposure route study																			
obo:RBO_00000100	gene expression study				A study of the effects of radiation on gene expression.										radiobiology study type																			
obo:RBO_00000101	proteomics study				A study of the effects of radiation on the proteome or individual proteins.										radiobiology study type																			
obo:RBO_00000102	marker discovery study				A study that aims at the discovery of protein, RNA or other molecular entities or modifcations that can act as reliable surrogates for the prediction or measurement of the effects of radiation or the response of the organism to radiation.										radiobiology study type																			
obo:RBO_00000103	therapeutics study				A study that aims at the discovery, development or assessment of efficacy of therapeutic agents or processes designed to mitigate or cure the effects of radiation exposure.										radiobiology study type					A owl:deprecated														
obo:RBO_00000104	survival study				A study that uses survival as an endpoint. Generally applicable to animal studies rather than human studies which would use the "lifespan" measure (RBO:00000085)										radiobiology study type																			
obo:RBO_00000105	metabolomics study				A study of the effects of radiation on the metabolome or individual metabolites.										radiobiology study type																			
obo:RBO_00000106	nuclear accident study				A study of the contributing factors consequences and prevention of nuclear accidents										radiobiology study type					A owl:deprecated														
obo:RBO_00000107	toxicity study				A study of the toxicity of chemical or biological agents on cells or whole organisms.										radiobiology study type																			
obo:RBO_00000108	endocrine study				A study of the effects of radiation on the endocrine system or of endocrine hormones on the effects of radiation.										obo:RBO_00000089																			
obo:RBO_00000109	offspring study			transgenerational study	A study of the effects of radiation on the offspring of an irradiated animal or plant.										radiobiology study type																			
obo:RBO_00000110	biokinetics study			pharmacokinetics	A study of the distribution and metabolism orf drugs or biologicals used for therapeutic purposes.										radiobiology study type																			
obo:RBO_00000111	occupational role				A set of behaviours that have some socially agreed upon function and for which there is an accepted code of norms. This may refer to a role within an organisation or within society as a whole. For example a Profession” can be defined as a cluster of occupational roles, or roles in which the incumbents perform certain functions valued in the organisation or society.										BFO:0000023																			
obo:RBO_00000112	high linear energy transfer radiation				Neutrons or charged particles, such as protons or alpha particles that produce ionizing events densely spaced on a molecular scale (e.g., >10 keV-micron^[-1].	NCRP https://ncrponline.org/wp-content/themes/ncrp/PDFs/NCRP-Composite-Glossary.pdf									obo:RBO_00000116				NCIT:C17052															
obo:RBO_00000113	low linear energy transfer radiation				X and gamma rays or light charged particles such as electrons that produce sparse ionizing events far apart on a molecular scale.	NCRP https://ncrponline.org/wp-content/themes/ncrp/PDFs/NCRP-Composite-Glossary.pdf									obo:RBO_00000116	low LET|low-LET			NCIT:C17052															
obo:RBO_00000114	ionizing electromagnetic radiation				Electromagnetic radiation having sufficient energy to remove one or more electrons from an atom										obo:RBO_00000116																			
obo:RBO_00000115	radiation dosimeter device	radiation dosimeter		radiation dosimeter	A device that is used to measure the amount of ionizing radiation exposure or absorption.	NCIT									OBI:0000968	dosimeter			NCIT:C150121															
obo:RBO_00000116	ionizing radiation			ionising radiation	Particle or electromagnetic radiation with sufficient energy to liberate one or more electrons from an atom.										obo:RBO_00015000	ionising radiation			NCIT:C17052															
obo:RBO_00000117	charged particle radiation	charged particle		charged particle	Charged particles with kinetic energy imparted by natural or artificial means (such as by a particle accelerator)										obo:RBO_00015000				NCIT:C18982															
obo:RBO_00000118	risk estimate														OBI:0001909				NCIT:C19015															
obo:RBO_00000119	lifetime risk estimate														obo:RBO_00000118				NCIT:C19662															
obo:RBO_00000120	gamma radiation				electromagnetic radiation with photon energies greater than approximately 100 keV	http://son.nasa.gov/tass/content/electrospectrum.htm									obo:RBO_00000114				NCIT:C44386															
obo:RBO_00000121	particle accelerator				A device used to impart kinetic energy to subatomic particles by means of electric and magnetic fields										OBI:0000968|obo:RBO_00005014				NCIT:C94854															
obo:RBO_00000122	nuclear reactor				A device in which nuclear fission may be initiated and controlled in a self-sustaining chain reaction to generate energy or produce useful radiation.										OBI:0000968|obo:RBO_00005014				MESH:D009688															
obo:RBO_00000123	biological process														BFO:0000015				GO:0008150	owl:deprecated														
obo:RBO_00000124	cellular process														obo:RBO_00000123				GO:0009987	owl:deprecated														
obo:RBO_00005001	heavy ion radiation				Atomic nuclei, with atomic number 2 or greater and kinetic energy imparted by natural or artificial means										obo:RBO_00000117																			
obo:RBO_00005002	light ion radiation				Atomic nuclei, variously defined as having atomic number 2, 3, 4, 5 or 6 and kinetic energy imparted by natural or artificial means										obo:RBO_00000117																			
obo:RBO_00005003	charged particle				A particle with a positive or negative electric charge										BFO:0000040																			
obo:RBO_00005009	space flight	space flight		spaceflight	Activity carried out by crewed or robotic vehicles outside the Earth's atmmosphere.										ENVO:03000010	Space flight																		
obo:RBO_010000	as low as reasonably achievable	ALARA		ALARA	A principle of radiation protection philosophy that requires that exposures to ionizing radiation be kept as low as reasonably achievable, economic and social factors being taken into account. The protection from radiation exposure is ALARA when the expen	NCRP Glossary (https://ncrponline.org/wp-content/themes/ncrp/PDFs/NCRP-Composite-Glossary.pdf)	One of the measures to ensure ALARA is to minimize the time spent working around radioactive materials.		Jack Miller						obo:IAO_0000104	ALARA																		
obo:RBO_010001	radiation attenuation				The reduction of radiation intensity upon passage of radiation through matter	NCRP Glossary (https://ncrponline.org/wp-content/themes/ncrp/PDFs/NCRP-Composite-Glossary.pdf)	Attenuation in concrete or leadshielding is a common method of radiation protection on Earth, but is impractical in space due to mass constraints.		Jack Miller						BFO:0000182																			
obo:RBO_010002	biodosimetry				Use of a biological response as an indicator of a dose of an effective agent (e.g., the extent of decline in peripheral blood lymphocytes of humans exposed to ionizing radiation can be used as an indicator of the absorbed dose to the whole body from that	NCRP Glossary (https://ncrponline.org/wp-content/themes/ncrp/PDFs/NCRP-Composite-Glossary.pdf)	Biodosimetry was used to measure the exposure of some victims of the Chernobyl nuclear accident.		Jack Miller						CHMO:0002796																			
obo:RBO_010003	bystander effect				The term used to describe the effects on cells in proximity to irradiated cells, but through which radiation has not passed. In experimental radiation biology, the bystander effect can be investigated by targeting individual cells, or by using doses low enough that the probability for a given cell to be hit by a particle is less than one.	NCRP Glossary (https://ncrponline.org/wp-content/themes/ncrp/PDFs/NCRP-Composite-Glossary.pdf)	The bystander effect can be studied by identifying cells that were traversed by a charged particle.		Jack Miller						obo:RBO_00005074																			
obo:RBO_010006	delta ray			delta electron	Highly energetic electrons produced during inelastic collisions between ionizing radiation and atomic electrons. In a small proportion of collisions, the ejected electron receives a considerable amount of energy (i.e., >1,000 eV), allowing it to travel a	NCRP Glossary (https://ncrponline.org/wp-content/themes/ncrp/PDFs/NCRP-Composite-Glossary.pdf)	Delta ray energies increase with the velocity of the incident particle.		Jack Miller						charged particle radiation	delta electron																		
obo:RBO_010007	dose equivalent				The product of the absorbed dose (D) at a point and the quality factor (Q) at that point for the radiation type (i.e., H = DQ). The unit of H is J-kg^[-1] with the special name sievert (Sv)	NCRP Glossary (https://ncrponline.org/wp-content/themes/ncrp/PDFs/NCRP-Composite-Glossary.pdf)	The average annual dose equivalent for crew members on the ISS is approximately 300 mSv.		Jack Miller						radiation dose																			
obo:RBO_010008	excess lifetime risk of cancer				The increased risk from induced cancer due to exposure when the effects over an entire lifetime are accounted for. Individuals who would have died of cancer anyway but die early because of exposure are not included	NCRP Glossary (https://ncrponline.org/wp-content/themes/ncrp/PDFs/NCRP-Composite-Glossary.pdf)			Jack Miller						obo:RBO_00000119																			
obo:RBO_010009	fast neutron				Neutrons of energies above a few hundred kiloelectron volts (keV)	NCRP Glossary (https://ncrponline.org/wp-content/themes/ncrp/PDFs/NCRP-Composite-Glossary.pdf)	The sample was irradiated with fast neutrons.		Jack Miller						obo:RBO_00015001																			
obo:RBO_010010	fluence				The number of particles or photons per unit of cross-sectional area perpendicular to the direction of the particle (units of m^2 or cm^2) (i.e., particles-m^[-2] or particles-cm^[-2]).	NCRP Glossary (https://ncrponline.org/wp-content/themes/ncrp/PDFs/NCRP-Composite-Glossary.pdf)	The value of the fluence was approximately 1 particle per cm2.		Jack Miller						IAO:0000109																			
obo:RBO_010011	flux				The quotient of dN by dt, where dN is the increment of the particle number in the time interval dt. The unit for flux is reciprocal second (s^[-1].)	NCRP Glossary (https://ncrponline.org/wp-content/themes/ncrp/PDFs/NCRP-Composite-Glossary.pdf)	The flux of cosmic ray muons per cm2 at the surface of the Earth is approximately 1.0.		Jack Miller						IAO:0000109																			
obo:RBO_010012	heavy ion				An atomic nucleus, fully stripped of its orbital electrons, containing 2 or more protons. Nuclei containing between 2 protons (helium) and 6 protons (carbon) are sometimes referred to as light ions.	In RBO--needs def from NCRP Glossary (https://ncrponline.org/wp-content/themes/ncrp/PDFs/NCRP-Composite-Glossary.pdf)			Jack Miller						CHEBI:33252																			
obo:RBO_010013	linear energy transfer			LET	The energy deposited by an ionizing charged particle or photon in any medium per unit path length.	NCRP Glossary (https://ncrponline.org/wp-content/themes/ncrp/PDFs/NCRP-Composite-Glossary.pdf)	Biological effects are a function of LET.		Jack Miller						IAO:0000109	LET																		
obo:RBO_010014	organ dose				The mean absorbed radiation dose in a specified tissue or organ of the human body.	NCRP Glossary (https://ncrponline.org/wp-content/themes/ncrp/PDFs/NCRP-Composite-Glossary.pdf)	Radiation protection standards take into account organ dose as well as whole body dose.		Jack Miller						radiation dose																			
obo:RBO_010015	quality factor				Dimensionless factor developed for purposes of radiation protection and assessing health risks in general terms that accounts for the relative biological effectiveness of different radiations in producing stochastic effects and is used to relate absorbed	NCRP Glossary (https://ncrponline.org/wp-content/themes/ncrp/PDFs/NCRP-Composite-Glossary.pdf)	Neutrons have a high quality factor compared to photons.		Jack Miller						OBI:0001909																			
obo:RBO_010016	radiation dose				A measurement datum of the quantity of radiation absorbed by a substance or organism. The term "radiation dose" may for example refer to absorbed dose, organ dose, dose equivalent or equivalent dose, depending upon context and weighting factor(s).		The samples received a dose of 1 Gy. (The use of the gray unit implies that "dose" refers to a measured quantity, typically absorbed dose or organ dose.)|The samples received a dose of 1 Sv. (The use of the sievert unit implies that "dose" refers to a der		Jack Miller						OBI:0000984																			
obo:RBO_010017	radiation quality				Is a quality of radiation that reflects the fluence spectrum of charged and neutral particles within the material or medium where dose is being deposited.	NCRP Glossary (https://ncrponline.org/wp-content/themes/ncrp/PDFs/NCRP-Composite-Glossary.pdf) and see https://melodi-online.eu/wp-content/uploads/2021/04/02-What-is-radiation-quality-Goodhead.pdf	Radiation quality is often expressed in terms of the linear energy transfer of the ionising particles that deliver the absorbed dose. Rossi, Harald H. Specification of Radiation Quality. Radiation Research, vol. 10, no. 5, Radiation Research Society, 1959, pp. 522 31, https://doi.org/10.2307/3570787. But this is an over simplification.		Jack Miller						PATO:0001018					TRUE														
obo:RBO_010018	radiation weighting factor				A factor used to allow for differences in the biological effectiveness between different radiations when calculating equivalent dose (H_T) (see equivalent dose). These factors are independent of the tissue or organ irradiated.	NCRP Glossary (https://ncrponline.org/wp-content/themes/ncrp/PDFs/NCRP-Composite-Glossary.pdf)	Radiation weighting factors may change as more data on biological effects are obtained.		Jack Miller						OBI:0001909																			
obo:RBO_010019	relative biological effectiveness			RBE	Factor used to compare the biological effectiveness of absorbed doses from different types of ionizing radiation, determined experimentally. RBE is the ratio of the absorbed dose of a reference radiation to the absorbed dose of the radiation in question r	NCRP Glossary (https://ncrponline.org/wp-content/themes/ncrp/PDFs/NCRP-Composite-Glossary.pdf)	Neutrons have been found to have a higher RBE than electrons.		Jack Miller						IAO:0000109	RBE																		
obo:RBO_010020	tissue equivalence				Denotes a substance with absorbing and scattering properties for a given radiation that sufficiently match those of a particular biological tissue.	NCRP Glossary (https://ncrponline.org/wp-content/themes/ncrp/PDFs/NCRP-Composite-Glossary.pdf)	Tissue equivalent materials can be used to study radiation effects at depth in the human body.		Jack Miller						PATO:0001018																			
obo:RBO_00005010	absorbed radiation dose				The amount of energy from any type of ionizing radiation deposited in a specified mass of any medium.				Jack Miller						obo:RBO_010016																			
obo:RBO_00005011	absorbed radiation dose rate				The amount of energy from any type of ionizing radiation deposited in a specified mass of any medium per unit time.				Jack Miller						obo:RBO_00000029																			
obo:RBO_00005012	ionizing radiation energy				The kinetic energy carried by a particle or photon of ionizing radiation.				Jack Miller						obo:RBO_00000116																			
obo:RBO_00005013	x-ray radiation	x-ray		x-ray	Electromagnetic radiation with photon energies approximately between 0.1 and 120 keV. The upper end of the x-ray spectrum overlaps with the lower end of the gamma ray spectrum.	http://son.nasa.gov/tass/content/electrospectrum.htm			Jack Miller						obo:RBO_00000114																			
obo:RBO_00005014	radiation source				A material entity which emits radiation				Jack Miller						material entity																			
obo:RBO_00005015	sham irradiation	sham irradiation		sham	A protocol in which a sample is kept under conditions identical to irradiated samples, without exposure				Jack Miller						obo:OBI_0000272																			
obo:RBO_00005016	radiation fractionation protocol	fractionation protocol		fractionation protocol	A protocol for administering a total radiation dose in two or more increments separated by a specified time interval				Jack Miller						obo:IAO_0000104																			
obo:RBO_00005017	cis-lunar space	cis-lunar space			The region of space between the Earth and the Moon				Jack Miller						obo:RBO_00000016																			
obo:RBO_00005018	lunar orbit	lunar orbit			A region of space defined by a regular, repeating path of a specified object about Earth's moon				Jack Miller						obo:RBO_00000016																			
obo:RBO_00005019	lunar surface	lunar surface			The area of the lunar landmass exposed to space				Jack Miller						obo:RBO_00000016																			
obo:RBO_00005020	cis-Mars space	cis-Mars space			The region of space between the Earth and Mars				Jack Miller						obo:RBO_00000016																			
obo:RBO_00005021	Mars orbit	Mars orbit			A region of space defined by a regular, repeating path of a specified object about Mars				Jack Miller						obo:RBO_00000016																			
obo:RBO_00005022	Mars surface	Mars surface			The area of the Mars landmass exposed to the Martian atmosphere				Jack Miller						obo:RBO_00000016																			
obo:RBO_00005023	interplanetary space	interplanetary space			The region of space in the Solar System between planets				Jack Miller						obo:RBO_00000016																			
obo:RBO_00005024	planet surface	planet surface			The outermost solid or liquid area of a planet				Jack Miller						obo:RBO_00000016																			
obo:RBO_00005025	non-irradiated	non-irradiated			An organism or material entity kept unexposed to radiation, for purposes of comparison to a similar organism or material entity that has been exposed to radiation				Jack Miller						Radiation exposure																			
obo:RBO_00005026	ground analog study	ground analog experiment		ground analog	A study at a ground facility designed so as to replicate one or more conditions in space (e.g. radiation, microgravity, isolation)				Jack Miller						obo:RBO_00000082																			
obo:RBO_00005027	ground control study	ground control		ground control	An study at a ground facility designed so as to replicate conditions in space (e.g. radiation, microgravity, isolation) with the exception of one condition, so as to ascertain the effects of that condition on an organism or instrument				Jack Miller						obo:RBO_00000082																			
obo:RBO_00005028	irradiation protocol	irradiation protocol			A protocol for administering radiation to a sample				Jack Miller						OBI:0000272																			
obo:RBO_00005029	radiation fraction	radiation fraction		fraction	One of the series of individual doses administered to a sample in a fractionated irradiation.				Jack Miller						dose fraction																			
obo:RBO_00005030	radiation fraction interval	radiation fraction interval			Time between fractions in a fractionated irradiation.				Jack Miller						dose rate																			
obo:RBO_00005031	high altitude	high altitude			The region of the atmosphere above 8000 feet above sea level. Altitudes above 12000 feet are sometimes referred to as very high altitude, and above 18000 feet as extremely high altitude.	https://www.medicinenet.com/high_altitude/definition.htm			Jack Miller						OBI:0002983																			
obo:RBO_00005032	sham-irradiated	sham			A radiation quality resulting from a material entity being kept under similar conditions as an irradiated material entity				Jack Miller						non-irradiated																			
obo:RBO_00005033	parabolic flight aircraft	parabolic flight		Vomit Comet	An aircraft which flies a series of parabolic arcs to simulate micrgravity.				Jack Miller						ENVO:01001488																			
obo:RBO_00005034	high altitude research aircraft				An aircraft which flies at altitudes greater than commercial aircraft altitudes for research purposes.				Jack Miller						ENVO:01001488																			
obo:RBO_00005035	uncrewed aerial vehicle	UAV		UAV	An research aircraft designed to operate without crew members, either autonomously or under control from a ground station				Jack Miller						ENVO:01001488																			
obo:RBO_00005036	highly charged energetic nuclei	HZE		HZE	Fully ionized atomic nuclei with 2 or more protons and energies in excess of tens of MeV per nucleon				Jack Miller						CHEBI:36347																			
obo:RBO_00005037	adaptive radiation response study			adaptive	A study of a response to radiation conditioned by prior administration of radiation of a different type and/or at a different dose or dose rate				Jack Miller						obo:RBO_00000082																			
obo:RBO_00005038	average fractionated dose rate				The total dose administered in a series of radiation fractions divided by the elapsed time between the beginning of the first exposure fraction and the end of the last exposure fraction				Jack Miller						dose rate																			
obo:RBO_00005039	gamma irradiator				A device which exposes samples to gamma radiation.				Jack Miller						radiation source																			
obo:RBO_00005040	particle charge	charge			The electric charge of a particle used in an irradiation				Jack Miller						UO:0000219																			
obo:RBO_00005041	radiation dosimetry				The measurement of the amount of radiation taken up by a sample.				Jack Miller						dosimetry																			
obo:RBO_00005042	microbeam				A microbeam is a narrow beam of radiation, of micrometer or sub-micrometer dimensions. Together with integrated imaging techniques, microbeams allow precisely defined quantities of damage to be introduced at precisely defined locations.	Wikipedia			Jack Miller						particle accelerator																			
UO:0000127															IAO:0000003																			
obo:RBO_00005066	miligray per second	mGy/sec		mGy/sec	A derived absorbed dose unit which is equal to one milligray absorbed per second										UO:0000129				UO:0010065	TRUE														
obo:RBO_00005067	indirect cellular response to stimulus	Indirect cellular response to stimulus			Any process that results in a change in state or activity of a cell (in terms of movement, secretion, enzyme production, gene expression, etc.) as a result of a stimulus which acts on another cell and not on the responding cell. The process begins with detection of the stimulus by a cell and ends with a change in state or activity of a different cell	Paul Schofield	This could be used to describe a tissue response to immune stimulation, so for example an IL2 response of endothelial cells in response to lymphocytes stimulated by pathogen.								GO:0051716																			
obo:RBO_00005068	indirect cellular response to radiation				Any process that results in a change in state or activity of a cell (in terms of movement, secretion, enzyme production, gene expression, etc.) as a result of radiation acting on another cell and not on the responding cell. The process begins with detection of radiation by a cell or cells and ends with a change in state or activity of a different cell or cells.	Paul Schofield	The most obvious example is the bystander effect ( Carmel Mothersill, Andrej Rusin, Cristian Fernandez-Palomo & Colin Seymour (2018) History of bystander effects research 1905-present; what is in a name?, International Journal of Radiation Biology, 94:8, 696-707, DOI: 10.1080/09553002.2017.1398436) where a naive cell behaves as if it has been irradiated because of its communication with an irradiated cell. It may also be used to describe the abscopal effect. Note that abscopal effects have been noted for ionising and non-ionising ( RF) radiation, eg. L?ffler MW. et al. . A Non-interventional Clinical Trial Assessing Immune Responses After Radiofrequency Ablation of Liver Metastases From Colorectal Cancer. Front Immunol. 2019 Nov 19;10:2526. doi: 10.3389/fimmu.2019.02526. PMID: 31803175; PMCID: PMC6877671								obo:RBO_00005067																			
obo:RBO_00005069	indirect cellular response to ionising radiation				Any process that results in a change in state or activity of a cell (in terms of movement, secretion, enzyme production, gene expression, etc.) as a result of exposure to ionising radiation which acts on another cell and not on the responding cell. The process begins with detection of the ionising radiation by one cell or cells and ends with a change in state or activity of a different cell or cells.	Paul Schofield	Directly describes the bystander effect (Carmel Mothersill, Andrej Rusin, Cristian Fernandez-Palomo & Colin Seymour (2018) History of bystander effects research 1905-present; what is in a name?, International Journal of Radiation Biology, 94:8, 696-707, DOI: 10.1080/09553002.2017.1398436) but can alo sbe used to describe phenomena related to the abscopal effect, manifest in whole organisms where irradiation of one part of the organism causes changes in another un-irradiated component.								obo:RBO_00005068																			
obo:RBO_00005070	ionizing radiation device				A device for exposing materials or biological organisms to ionizing radiation for research or therapeutic purposes.										radiation source																			
obo:RBO_00005071	high-altitude balloon				High-altitude balloons are crewed or uncrewed balloons, usually filled with helium or hydrogen, that are released into the stratosphere, generally attaining between 18 and 37 km (11 and 23 mi; 59,000 and 121,000 ft) above sea level.	Wikipedia			Jack Miller						aircraft																			
obo:RBO_00005072	space flight	spaceflight			Travel beyond the Earth's atmosphere				Jack Miller						PATO:0002062																			
obo:RBO_00005074	Non-targeted effects of ionising radiation	non-targeted effects of ionising radiation		NTE|non-targeted effects	Non-targeted effects of ionising radiation are characterised by cellular responses that occur in cells in which energy from ionizing radiation has not been deposited. The distinct classes of non-targeted effects include Genomic Instability, and Bystander effect which latter includes Abscopal effects and Bystander-mediated adaptive response. These can also arise non-clonally in the progeny of irradiated somatic or germ cells, resulting in radiation-induced genomic instability and transgenerational genomic instability respectively. (Kadhim M, Salomaa S, Wright E, et al. Non-targeted effects of ionising radiation--implications for low dose risk. Mutat Res. 2013;752(2):84-98. doi:10.1016/j.mrrev.2012.12.001)				Paul Schofield ORCID: 0000-0002-5111-7263						obo:RBO_00005069																			
obo:RBO_00002000	Radiation exposure			Irradiation	The process by which an entity is exposed to electromagnetic or acoustic radiation radiation energy internally or externally.				0000-0002-5111-7263						energy transfer process																			
obo:RBO_00002001	Accidental radiation exposure			Accidental irradiation	Unplanned exposure to radiation of any type in any environment or otherwise planned process.				0000-0002-5111-7263						Radiation exposure																			
obo:RBO_00002007	Anthropogenic radiation exposure			Exposure to human generated radiation	Exposure to ionising radiation created by a man-made machine or exposure to a fixed source. For example a cobalt source, an X ray machine, an acceleratororf a nucler weapon.				0000-0002-5111-7263						Radiation exposure																			
obo:RBO_00002002	Planned radiation exposure			Planned irradiation	Planned exposure of an entity to radiation of any type, for example as part of a medical or experimental procedure with the intention of exposing the entity to radiation energy internally or externally.				0000-0002-5111-7263						Anthropogenic radiation exposure|planned process																			
obo:RBO_00002003	Medical diagnostic radiation exposure			Diagnostic irradiation	Planned exposure of an organism to radiation of any type, internally or externally, with the intention to effect a diagnosis of disease.				0000-0002-5111-7263						Planned anthropogenic radiation exposure																			
obo:RBO_00002004	Naturally occurring radiation exposure (NORM)			Environmental irradiation	Unplanned exposure to naturally occurring radiation (NORM) of any type in any environment .				0000-0002-5111-7263						Radiation exposure																			
obo:RBO_00002005	Medical therapeutic radiation exposure			Therapeutic irradiation	Planned exposure of an organism to radiation of any type, internally or externally, with the intention to effect a cure or mitigation of disease.				0000-0002-5111-7263						Planned anthropogenic radiation exposure																			
obo:RBO_00002006	Accidental non-medical anthropogenic radiation exposure			Accidental man-made radiation exposure	Unplanned exposure to anthropogenic radiation of any type in any environment ; for example radiation from nuclear waste, nuclear industry discharge or weapons.				0000-0002-5111-7263						Accidental anthropogenic radiation exposure																			
obo:RBO_00002008	Planned anthropogenic radiation exposure				Planned exposure to radiation generated through a device or exposure to a source emitting ionising radiation				0000-0002-5111-7263						planned process|Anthropogenic radiation exposure																			
obo:RBO_00002009	Accidental anthropogenic radiation exposure				Accidental or incidental exposure to radiation from a man made process or machine. Covers both radiation accidents and routine occupational exposure.				0000-0002-5111-7263						Anthropogenic radiation exposure																			
obo:RBO_00002010	Accidental medical anthropogenic radiation exposure				Accidental exposure occurring during medical therapy or diagnostics, for example medical radiation accidents or overdoses.				0000-0002-5111-7263						Accidental anthropogenic radiation exposure																			
obo:RBO_00002011	Naturally occurring radiation exposure				Incidental exposure to naturally occurring radiation in a natural or anthropogenic environment, such as geographical areas with high background levels of radiation or specific locations such as Uranium mines.				0000-0002-5111-7263						Radiation exposure																			
obo:RBO_00002012	Planned naturally occurring radiation exposure				Deliberate or knowing exposure to naturally occurring radiation in a natural or anthropogenic environment, such as a radon spa.				0000-0002-5111-7263						planned process|Naturally occurring radiation exposure (NORM)																			
obo:RBO_00002013	Social and psychosocial studies				Studies relating to human society and the interrelation of social and educational factors with individual thought and behaviour including mental illness.				0000-0002-5111-7263						radiobiology study type																			
obo:RBO_00002015	Mass media study				Studies on the distribution of information or opinion by technological means of communication that reach large numbers of people.				0000-0002-5111-7263						radiobiology study type				http://purl.biolontology.org/ontology/CSP/1580-0981															
obo:RBO_00002016	Preparedness study				Studies on the civil, legal, and political preparedness for accidental or deliberate release of radioactive materials or radiation into the environment.				0000-0002-5111-7263						radiobiology study type																			
obo:RBO_00002017	Clinical study				Studies in which research is conducted with human subjects or on material of human origin in which the investigator directly interacts with human subjects, including the dveelopment of new technologies, understanding of the mechanisms of disease, therapy, clinical trials, epidemiology behaviousrand health services research.				0000-0002-5111-7263						radiobiology study type				http://purl.bioontology.org/ontology/CSP/4006-0105															
obo:RBO_00002018	Legal and governance study				Study of the laws, statutes, ordinances, government or international treaty regulations or authoritative guidelines, as well as for legal controversy and court decisions, relating to the regulation of radiation safety, movement and containment of radioactive materials and the consequences for human health or the natural environment of radioactive contamination.				0000-0002-5111-7263						radiobiology study type																			
obo:RBO_00002019	Security and law enforcement study				Studies relating to organisations and processes concerned with freedom from or resilience towards potential harm caused by hostile intent or circumstances (for example terrorism and illegal release of radioactive substances or radiation) towards the natural environment or human population, and the enforcement of relevant laws and international treaties.				0000-0002-5111-7263						radiobiology study type																			
obo:RBO_00002020	Cancer study				A study whose intention is to discover knowledge concerning the origins, nature diagnosis or therapy for neoplastic disease and cancer. This includes studies in humans, model organisms, the laboratory and in silico. This class includes experimental and epidemiological studies specifically aimed at cancer.				0000-0002-5111-7263						radiobiology study type																			
obo:RBO_00002021	Study modality				The specific manner, characteristic, pattern of application, or the employment of any technology, approach or formal procedure to implement the study plan to generate a study type.				0000-0002-5111-7263						radiobiology study type																			
obo:RBO_00002022	Environmental studies				Studies of the presence of radiation of any type in the natural or anthropogenic environment and its impact on animals, plants, and microorganisms. This includes studies measuring nuclide transfer in the environment, and interaction with meteorological phenomena. This excludes occupational exposure and the human working environment.				0000-0002-5111-7263						radiobiology study type																			
obo:RBO_00002023	Nuclear industry study				Studies concerned with the regulation, monitoring and operation of the nuclear industry. For example nuclear power station and reprocessing plants, isotope purification and manufactore, weapons manufacture and testing. This includes occupation health studies, impact of accidental or deliberate release on the natural or man made environment and impact on organisms specifically affected directly or indirectly by contamination.				0000-0002-5111-7263						radiobiology study type																			
obo:RBO_00002024	Laboratory study				Research done in a laboratory. A laboratory study may use special equipment and cells or animals to investigate the effects of an experimental perturbation, discover fundamental molecular mechanisms, assay biological substances, or find out if a drug, procedure, or treatment is likely to be useful in humans. A laboratory investigation is often characterised by a hypothesis and is carried out with controls.				0000-0002-5111-7263						radiobiology study type				http://ncicb.nci.nih.gov/xml/owl/EVS/Thesaurus.owl#C28278															
obo:RBO_00002025	Attitudinal study				Study of the status or origins of a mental position, feeling or emotion toward a fact or state with respect to information or experience concerning radiation, radiation safety or ethicolegal constructs surrounding radiation and radiation safety and regulation.				0000-0002-5111-7263						Social and psychosocial studies				http://purl.bioontology.org/ontology/CSP/2482-9501															
obo:RBO_00002026	Communication study				Study concerning exchange or transmission of thoughts, messages, or information between people or between authorities and the general public (for example educational information, risk communication, safety communication) concerning exposure to and use of radiation.				0000-0002-5111-7263						Social and psychosocial studies																			
obo:RBO_00002027	Community study				A study focussed on a set of people with some shared characteristic. The substance of shared element varies widely, from geography to a situation to interest to lives and values. The term is widely used to evoke sense of collectivity. For example communities collectively exposed to radioactive environmental contamination.				0000-0002-5111-7263						Social and psychosocial studies																			
obo:RBO_00002028	Political and psephological study				The study of political involvement in radiation and nuclear regulation, military use, and safety as shown by inclusion in political manifestos and messaging by established or informal groups and its impact on voting patterns and democracy.				0000-0002-5111-7263						Social and psychosocial studies																			
obo:RBO_00002029	Psychometric study				A study measuring "psychological" aspects of a person such as knowledge, skills, abilities, attitudes, or personality using defined scales.				0000-0002-5111-7263						Social and psychosocial studies																			
obo:RBO_00002030	Behavioural study				A study of human or animal activity, in terms of motivation, direction, result, emotion, perception, or etiology.				0000-0002-5111-7263						Social and psychosocial studies																			
obo:RBO_00002031	Sociological study				A study dealing with group relationships, patterns of collective behavior, and social organization.				0000-0002-5111-7263						Social and psychosocial studies																			
obo:RBO_00002032	Social science and humanities study				Studies involving fields of inquiry into human constructs and concerns as opposed to natural processes . These are traditionally the study of literature, philosophy, and religion. Included in this definition are sociological studies, especially those concerned with the social impact of the humanities.				0000-0002-5111-7263						Social and psychosocial studies																			
obo:RBO_00002033	Perceptions, expectations and behaviours study				Specifically an attitudinal study looking at how perception, for example of risk, and expectations affect behaviour.				0000-0002-5111-7263						Social and psychosocial studies																			
obo:RBO_00002034	Holistic approaches to governance study				Sociological, attitudinal, ethocolegal and regulatory approaches to governance of radiation and radioactive substance use.				0000-0002-5111-7263						Social and psychosocial studies																			
obo:RBO_00002035	Responsible research and innovation study				Studies on policy concerning socially and ethically responsible research and innovation				0000-0002-5111-7263						Social and psychosocial studies																			
obo:RBO_00002036	Stakeholder engagement study				Studies of the engagement between an organisational entity and those groups or individuals potentially or actually impacted by the actions of that entity over a range of activities and approaches.				0000-0002-5111-7263						Social and psychosocial studies																			
obo:RBO_00002037	Risk and health communication study				Study concerning the modes, efficacy and response to communication of risk and health impacts of radiation in all aspects.				0000-0002-5111-7263						Social and psychosocial studies																			
obo:RBO_00002038	Radiological protection culture study				Studies concenring the attitudes to and practices of radiological protection in defined groups of people. For example the nuclear industry of a country or within a specific laboratory.				0000-0002-5111-7263						Social and psychosocial studies																			
obo:RBO_00002039	Genetic population study				Genetic study done at the population level or among population groups, generally to find the cause, incidence or spread of a disease or to see the response to a treatment, nutrition or environment.				0000-0002-5111-7263						epidemiological study				http://ncicb.nci.nih.gov/xml/owl/EVS/Thesaurus.owl#C16160															
obo:RBO_00002040	Prospective study				A type of study in which participants are enrolled into the study before they develop the disease or outcome in question.				0000-0002-5111-7263						epidemiological study				http://ncicb.nci.nih.gov/xml/owl/EVS/Thesaurus.owl#C142646															
obo:RBO_00002041	Registry study				Observational studies which include an organized system that uses observational methods to collect uniform data (clinical and other) prospectively for a population defined by a particular disorder/disease, condition (including susceptibility to a disorder), or exposure (including products, health care services, and/or procedures) and that serves a predetermined scientific, clinical, or policy purpose. Patient registries may be single purpose or on-going data collection programs that address one or more questions. (AHRQ) An observational study that is also considered to be a Patient Registry.				0000-0002-5111-7263						epidemiological study				http://purl.obolibrary.org/obo/NCIT_C129000															
obo:RBO_00002042	Retrospective study				A study looking backwards in time using observations collected predominantly prior to subject selection and enrolment				0000-0002-5111-7263						epidemiological study																			
obo:RBO_00002043	Incidence or prevalence study				A study of the number of new cases of a given disease during a given period in a specified population. It also is used for the rate at which new events occur in a defined population. this class also includes PREVALENCE, which refers to all cases in the population at a given time.				0000-0002-5111-7263						epidemiological study																			
obo:RBO_00002044	Situation awareness and decision support study				Studies concerning the optimisation of situation awareness through gathering and analysing information, and methodologies for making decisions on that awareness, such as estimating the path of a radioactive fallout with respect to weather and population density and making a decision to evacuate a population.				0000-0002-5111-7263						Preparedness study																			
obo:RBO_00002045	Civil protection study				A study concerning the protection of the population from unexpected radioactive discharge or contamination, such as a dirty bomb, and civil safetyy coningency plans, such as deployment of emergency services and evacuation.				0000-0002-5111-7263						Preparedness study																			
obo:RBO_00002046	Disaster planning study				Studies on planning for unexpected natural or man-made radiological catastrophe of substantial extent causing significant property damage or destruction, loss of life or sometimes permanent changes to the natural environment. Broader scope than civil protection as may relate to livestock, food and water shortage, disease outbreak and extensive traumas caused by precipitating or consequential damage.				0000-0002-5111-7263						Preparedness study																			
obo:RBO_00002047	Nuclear accident study				Studies on plannig for or analysing a nuclear accident with release of airborn or waterborn contamination into the environment. Narrower than Disaster planning study but may be used to qualify an annotation to Disaster planning study if the source of contamination is a nuclear accident. A nuclear accident is not necessarily a disaster.				0000-0002-5111-7263						Preparedness study																			
obo:RBO_00002048	Clinical trial study				A controlled study designed to assess the safety and efficacy of new drugs, devices, treatments, or preventive measures in humans by comparing two or more interventions or regimens				0000-0002-5111-7263						Clinical study				http://purl.bioontology.org/ontology/CSP/0690-6917															
obo:RBO_00002049	Medical radiological safety study				Study of the effects of radiation used in a medical therapeutic or diagnostic context. Inlcudes radiation accidents in this context, excludes occupational exposure for health professionals.				0000-0002-5111-7263						Clinical study																			
obo:RBO_00002050	Occupational health study				A study concerned with health and safety policy development, implementation and practice in the workplace including investigating accidents at work, and chronic occupational exposure. Includes monitoring compliance with health and safety legislation and study of the promotion and maintenance of physical and mental health in the work environment.				0000-0002-5111-7263						Clinical study																			
obo:RBO_00002051	Radiation based diagnostics study				Study on the efficacy, outcomes and adverse consequences of exposure to medical diagnostic procedures using internal or external irradiation.				0000-0002-5111-7263						Clinical study																			
obo:RBO_00002052	Radiotherapy study				Study of the efficacy, outcomes and adverse consequences of exposure to therapeutic use of ionizing and nonionizing radiation including RADIONUCLIDE THERAPY, therapeutic radiation with visible, laser, or ultraviolet light. Includes technical development of protocols and equipment.				0000-0002-5111-7263						Clinical study																			
obo:RBO_00002053	Therapeutics study				A study involvingdevelopment of agents or procedures intended to produce an effect that is intended to mitigate or stop a pathologic process.				0000-0002-5111-7263						Clinical study																			
obo:RBO_00002054	Histopathologic study				A study of the macroscopic and microscopic anatomical changes in diseased tissue.				0000-0002-5111-7263						Clinical study				http://purl.bioontology.org/ontology/CSP/1448-3909															
obo:RBO_00002055	Radiation legislation study				Study of legal and statutory instruments and legislation designed to regulate the safety, use and transport of radioactive materials, release of such materials into the environment, or external radiation.				0000-0002-5111-7263						Legal and governance study																			
obo:RBO_00002056	Regulatory harmonisation study				Study of the policy approaches and their implementation concerned with harmonising regulatory guidelines and legislation dealing with radiation and radioactive substances between legislatures, generally internationally.				0000-0002-5111-7263						Legal and governance study																			
obo:RBO_00002057	Nuclear proliferation treaty study				Study of the development, implementation and monitoring of nuclear non proliferation treaties between states.				0000-0002-5111-7263						Legal and governance study																			
obo:RBO_00002058	Bioterrorism study				Studies concerning intentional release of organisms (germs), toxic chemicals, or radioactive substances with intent to harm or kill people or the environment, or to inflict panic within a population.				0000-0002-5111-7263						Security and law enforcement study				http://purl.bioontology.org/ontology/CSP/5000-0002															
obo:RBO_00002059	Military defence study				Study of strategies and their implementation towards defence against radiation used as a weapon conducted by military powers and institutions. May also include civil defence where the military has a significant operational role, but not disaster preparedness.				0000-0002-5111-7263						Security and law enforcement study																			
obo:RBO_00002060	DNA modification study				Study of biological processes that involve adding/removing chemical moieties to/from DNA, including methylation, phosphorylation, dephosphorylation, etc. Includes interventional DNA modification.				0000-0002-5111-7263						Study modality																			
obo:RBO_00002061	Histone modification study				Study of biological processes that involve adding/removing chemical moieties to/from histones, including methylation, acetylation,phosphorylation, dephosphorylation, etc.				0000-0002-5111-7263						Study modality																			
obo:RBO_00002062	Interview study				Study conducted by means of structured or unstructured interviews of persons of interest.				0000-0002-5111-7263						Study modality																			
obo:RBO_00002063	Genetic study				A study of genetic variation and the inheritance of a trait or traits within a population or an individual including examination of genetic material for the presence or absence of cytogenetic or molecular genetic abnormalities.				0000-0002-5111-7263						Study modality																			
obo:RBO_00002064	Imaging study				A radiographic study used to evaluate a specific anatomic location for a specific purpose. This may include the assessment of imaging modalities and the development of new techniques. Includes PET, MRI, CT and related techniques.				0000-0002-5111-7263						Study modality																			
obo:RBO_00002065	Mathematical modelling study				Study concerned with the construction, analysis, evaluation, refinement etc. of mathematical or statistical models of the properties or behaviour of a set of entities, such as molecules, physiological processes, environmental processes such as nuclide transfer, such that functions are developed to reliably predict the behaviour of those entities.				0000-0002-5111-7263						Study modality																			
obo:RBO_00002066	Model organism study				A study usually conducted in a laboratory where non human animals are used to model aspects of a disease process or its therapy to provide insights into human biology or pathobiology.				0000-0002-5111-7263						Study modality																			
obo:RBO_00002067	Monitoring technologies and metrology study				Study concerning the development, use, calibration or standardisation of technologies for the qualitative or quantitative measurement of radiation and radionuclides.				0000-0002-5111-7263						Study modality																			
obo:RBO_00002068	Radiochemistry study				Study of the chemistry of radioactive materials including radioactive tracer studies of metabolic processes				0000-0002-5111-7263						Study modality																			
obo:RBO_00002069	Policy development study				Study of the development and implementation of public policy towards issues involving radiation				0000-0002-5111-7263						Study modality																			
obo:RBO_00002070	Acoustic radiation study				Study of the effects of acoustic radiation on cellular and organismal physiology and the effects of acoustic radiation emitted in response to exposure to ionising radiation.				0000-0002-5111-7263						Study modality																			
obo:RBO_00002071	Environmental study_ Abiotic_anthropogenic				Study of radiation levels and effects in the human built environment.				0000-0002-5111-7263						Environmental studies																			
obo:RBO_00002072	Natural environment studies				Study of radiation levels and effects in the natural environment.				0000-0002-5111-7263						Environmental studies																			
obo:RBO_00002073	Ecological population modelling study				The development and use of mathematical models and systems analysis for the description of naturally occurring non-human populations, and applications to measuring the effects of radiological contamination.				0000-0002-5111-7263						Environmental studies																			
obo:RBO_00002074	Ecotoxicology study				The study of environmental contamination with radiation and radioactive substances and the toxic effects on the ecosystem either through chemical toxicity or radiation exposure.				0000-0002-5111-7263						Environmental studies																			
obo:RBO_00002075	Environmental Radon study				The study of environmental contamination with radon and the toxic effects on biota including humans. Both natural and anthropogenic environments. Includes radiometrics, safety policies and mitigation technologies.				0000-0002-5111-7263						Environmental studies																			
obo:RBO_00002076	Radionuclide dispersal modelling study				Mathematical modelling of radionuclide transfer and dispersal processes in water, earth or air, either directly or through the mediation of biota.				0000-0002-5111-7263						Environmental studies																			
obo:RBO_00002077	Naturally occurring radioactive materials study				Study of the ocurrence, levels and effects of naturally occurring radioactive materials such as Radon.				0000-0002-5111-7263						Environmental studies																			
obo:RBO_00002078	Environmental radiation monitoring study				Study involving the measurement of radiation levels, or concentration of radionuclides, in the natural or man made environment. Usually in a time series.				0000-0002-5111-7263						Environmental studies																			
obo:RBO_00002079	Environmental radionuclide transfer study				Study concerned with the measurement of transfer of radionuclides to biota from the environment.				0000-0002-5111-7263						Environmental studies																			
obo:RBO_00002080	Non ionising electromagnetic radiation study				Any study concenrd with the prevalence or effects on non-ionising radiations such as UV, acoustic, or RF.				0000-0002-5111-7263						Environmental studies																			
obo:RBO_00002081	Nuclear installation study				Study concerning the safety, regulation, activities and engineering of nuclear installations including power stations, waste processing plant, radionuclide generation and purification plant, and military nuclear establishments. May include occupational health studies if broader than just occupationaal health in scope.				0000-0002-5111-7263						Nuclear industry study																			
obo:RBO_00002082	Nuclear waste study				Study of the process of generation of nuclear waste, its monitoring, regulation, disposal and inadvertent discharge.				0000-0002-5111-7263						Nuclear industry study																			
obo:RBO_00002083	Nuclear engineering study				Study of the engineering of nuclear installations such as power plants.				0000-0002-5111-7263						Nuclear industry study																			
obo:RBO_00002084	Mining study				Study of the process, regulation and monitoring of mines where exposure to naturally occurring radiation presents an occupational hazard for workers or the process itself, for example run off water or spoil, constitutes an environmental hazard.				0000-0002-5111-7263						Nuclear industry study																			
obo:RBO_00002085	Cell culture study				A study using cells derived from an organism grown in artificial culture medium in a laboratory with the aim of understanding some aspect(s) of cell physiology, genetics or behaviour, generally as part of the testing of an hypothesis but also for diagnostic intent.				0000-0002-5111-7263						Laboratory study																			
obo:RBO_00002086	Organ culture study				A study using an organ, part of an organ or an organoid culture, derived from an organism and grown in artificial culture medium in a laboratory with the aim of understanding some aspect(s) of cell physiology, genetics or behaviour, generally as part of the testing of an hypothesis but also for diagnostic intent. The system differs from cell culture in the generation or maintenance of multiple cell types with the spatial and functional relationship between them derived from or reflecting the normal organisation in vivo.				0000-0002-5111-7263						Laboratory study																			
obo:RBO_00002087	Molecular genetic study				Any study involving the manipulation, measurement, or characterisation of DNA or RNA in a cell or organism.				0000-0002-5111-7263						Laboratory study																			
obo:RBO_00002088	Molecular structural study				Elucidation of the physical structure of a macromolecule, protein, carbohydrate, DNA or RNA, its analysis and manipulation based on structure/function considerations.				0000-0002-5111-7263						Laboratory study																			
obo:RBO_00002089	Whole organism study				A study using an intact organism, plant, animal, or microorganism				0000-0002-5111-7263						Laboratory study																			
obo:RBO_00002090	Bystander effect study				Study of the cellular phenomenon which radiation energy is not been directly deposited in cells by transfer of medium, proximity/justaposition, or other means, but results in their behaving as if they had been irradiated.				0000-0002-5111-7263						Laboratory study																			
obo:RBO_00002091	Epigenetic study				A study of heritable phenotype changes that do not involve alterations in the DNA sequence. This may be in intact organisms or in cells and includes population analysis of epigenetic phenomena and molecular analysis of gene expression and epigenetic modifications of chromatin such as DNA methylation and histone acetylation.				0000-0002-5111-7263						Laboratory study																			
obo:RBO_00002092	Mutagenesis study				Study of the frequency of induction , nature and consequences of the production of genetic or epigenetic alterations by any technique, including chemicals, radiation, recombination, or other molecular biology methods.				0000-0002-5111-7263						Laboratory study																			
obo:RBO_00002093	Attitudinal studies nuclear industry risk perception				Studies of the status or origins of a mental position, feeling or emotion toward a fact or state with respect to information or experience concerning radiation, radiation safety or regulation of the nuclear industries.				0000-0002-5111-7263						Attitudinal study																			
obo:RBO_00002094	Attitudinal studies towards ionising radiation in the environment				Studies of the status or origins of a mental position, feeling or emotion toward a fact or state with respect to information or experience concerning radiation, radiation safety or ecological integrity towards natural or anthropogenic ionising radiation in the environment.				0000-0002-5111-7263						Attitudinal study																			
obo:RBO_00002095	Attitudinal studies towards non-ionising radiation in the environment				Studies of the status or origins of a mental position, feeling or emotion toward a fact or state with respect to information or experience concerning radiation, radiation safety or ecological integrity towards natural or anthropogenic non-ionising radiation in the natural environment.				0000-0002-5111-7263						Attitudinal study																			
obo:RBO_00002096	Attitudinal studies towards medical radiation procedures				Studies of the status or origins of a mental position, feeling or emotion toward a fact or state with respect to information or experience concerning radiation, radiation safety and efficacy in a clinical context where radiation is used for diagnostic or therapeutic procedures..				0000-0002-5111-7263						Attitudinal study																			
obo:RBO_00002097	Attitudinal studies towards radiation in the occupational environment				Studies of the status or origins of a mental position, feeling or emotion toward a fact or state with respect to information or experience concerning radiation, radiation safety towards natural or anthropogenic non-ionising radiation in the occupational environment.				0000-0002-5111-7263						Attitudinal study																			
obo:RBO_00002098	Authority trust study				Study of social and individual trust in the position and activities of legal or other competent advisory or regulatory authorities.				0000-0002-5111-7263						Attitudinal study																			
obo:RBO_00002099	Risk communication study				Study on the modality, efficacy and responses to communcation of information or advice to populations or individuals, on the safety and risks of exposure to ionising radiation in any context.				0000-0002-5111-7263						Communication study																			
obo:RBO_00002100	Public communication study				Study on the modality, efficacy and responses to communication of information or advice to populations or individuals, on the safety and risks of exposure to ionising radiation in any context.				0000-0002-5111-7263						Communication study																			
obo:RBO_00002101	Public education study				Study on the modality, efficacy and responses to communication of information or advice to populations on any aspect of radiation, conceived of as an educational programme, and including a wider scope than just safety and risk. For example basic nuclear physics, emergency action advice.				0000-0002-5111-7263						Communication study																			
obo:RBO_00002102	Social affairs and community health study				Study involving attitudes, health status, social organisation of defined communities identified by common characteristics such as occupation type, geography, gender identity, with respect to radiation.				0000-0002-5111-7263						Community study																			
obo:RBO_00002103	Community planning study				Studies involving creation and assessment of plans for the future physical arrangement, well being, efficiency and condition of a community. It may have the goals of improving health, promoting efficiency in the provision of services and resources on a comprehensive basis for a whole community. In the context of radiation this may be concerned with community planning for dealing with mitigation measures for local NORM, or organised community-wide continegency measures for nuclear accident or recovery from such.				0000-0002-5111-7263						Community study																			
obo:RBO_00002104	Community survey study				Study concerned with eliciting information in a structured way concerning issues of interest from members of a community defined by common characteristics, for example occupation, geographical location, personal history or gender.				0000-0002-5111-7263						Community study																			
obo:RBO_00002105	Individual behaviour study				A study concerned with human or animal activity, in terms of motivation, direction, result, emotion, perception, or etiology at the level of slected individuals. May be carried out by observation or as individual responses to a questioannaire or interview in the case of humans where the person records their own assessment of their behaviour.				0000-0002-5111-7263						Behavioural study																			
obo:RBO_00002106	Population behaviour study				A study concerned with human or animal activity, in terms of motivation, direction, result, emotion, perception, or etiology within substantial populations of individuals. Likely to be carried out by mass observation or indirect inference.				0000-0002-5111-7263						Behavioural study																			
obo:RBO_00002107	Radiotherapeutic modelling study				Mathematical modelling for theraputic regime optimisation and for optimal tumor response, for example modelling spatiotemporal dynamics of tumor and blood volume fraction, and predicting response to radiation therapy. Also studies for beam modelling and multiimaging techniques.				0000-0002-5111-7263						Therapeutics study																			
obo:RBO_00002108	Building materials radiological safety study				Study of the radiolonuclide components and emissions from building materials				0000-0002-5111-7263						Environmental study_ Abiotic_anthropogenic																			
obo:RBO_00002109	Building radiological safety study				Studies on radiological safety within buildings. Primary purpose os for buildings not specifially designed to hold radioactive materials but anaylyis and mitigation of risks from radioactive exposure from the local environment or materials.				0000-0002-5111-7263						Environmental study_ Abiotic_anthropogenic																			
obo:RBO_00002110	Meteorology study				Study of the weather and atmospheric dynamics mainly with respect to dissemination of radionuclides.				0000-0002-5111-7263						Natural environment studies																			
obo:RBO_00002111	Environmental study_Abiotic				Study of non-living objects in the environment, such as soils or rocks.				0000-0002-5111-7263						Natural environment studies																			
obo:RBO_00002112	Environmental study_Biota ( non human)				Study of non-human biota in the natural environment.				0000-0002-5111-7263						Natural environment studies																			
obo:RBO_00002113	Environmental study_Panbiota (all)				Study which may include human and non-human biota in the environment.				0000-0002-5111-7263						Natural environment studies																			
obo:RBO_00002114	Wireless communication radiation study				Study of the measurement, effects and regulation of wireless communication signals, for example mobile phone radiation and microwave communication.				0000-0002-5111-7263						Non ionising electromagnetic radiation study																			
obo:RBO_00002115	Gamma ray photon				Photons having energies that are greater than tens of thousands of electron volts (eV).	Britannica.com	The sample was irradiated with Cs-137 gamma ray photons.								CHEBI:30212																			
obo:RBO_00002116	X-ray photon				A photon with energies from about 100 eV (electron volts) to 1 MeV (million electron volts).	Britannica.com	The sample was irradiated with x-ray photons.								CHEBI:30212																			
obo:RBO_00002117	Irradiation				An energy transfer process in which energy in the form of particles or waves is transferred from one entity to another	Jack Miller	Irradiation of the sample was with x-ray photons.		0000-0003-1741-8297						http://purl.obolibrary.org/obo/ENVO_01001852				obo:RBO_0002000	TRUE														
http://purl.obolibrary.org/obo/OBI_0302889															obo:RBO_00002117																			
obo:RBO_00002118	Radioactive decay				A process involving the emission of energy from an atomic nucleus resulting in change in the character of the nucleus										http://purl.obolibrary.org/obo/ENVO_01001852																			
obo:RBO_00002119	Unplanned irradiation				Irradiation that is not the result of a planned process										obo:RBO: 00002000																			
obo:RBO_00002120	Unplanned anthropogenic irradiation				Unplanned irradiation that is of anthropogenic origin										obo:RBO_00002119																			
obo:RBO_00002121	Unplanned non-anthropogenic irradiation				Unplanned irradiation that is non-anthropogenic in origin										obo:RBO_00002119																			
obo:RBO_00002122	Environmental radiation monitoring				Environmental monitoring that includes continual assay for radiation dose or quality.										http://purl.obolibrary.org/obo/ENVO_02500041																			
obo:RBO_00002123	Natural environment monitoring				Monitoring within an environment which was not man-made.										http://purl.obolibrary.org/obo/ENVO_02500041																			
obo:RBO_00002124	Anthropogenic environment monitoring				Monitoring within a man-made or constructed environment										http://purl.obolibrary.org/obo/ENVO_02500041																			
obo:RBO_00002125	Anthropogenic environment radiation monitoring				Monitoring for radiation dose or quality within a man-made or constructed environment such as a building or a vehicle.										obo:RBO_00002122|obo:RBO_00002124																			
obo:RBO_00002126	Natural environment radiation monitoring				Monitoring for radiation dose or quality within a natural environment.										obo:RBO_00002122|obo:RBO_00002123																			
obo:RBO_00015000	radiation				That energy which is transferred in space and time as part of the process of radiation (ENVO:01001023).										obo:BFO_0000040																			
obo:RBO_00015001	neutral particle radiation				Uncharged  particles with kinetic energy imparted by natural or artificial means (such as by a particle accelerator)										obo:RBO_00015000																			
obo:RBO_00015002	nanodosimetry assay				An assay of the pattern (frequency and spatial distribution) of ionization events produced by energy deposition in time and space in a substance characterized by linear dimensions of the order of 1-100 nanometers	See H.H. Rossi, Microdosimetry and Radiobiology, Radiation Protection Dosimetry, Volume 13, Issue 1-4, 1 December 1985, Pages 259�265, https://doi.org/10.1093/rpd/13.1-4.259 and Gustavo A. Santa Cruz,Microdosimetry: Principles and applications,Reports of Practical Oncology & Radiotherapy,Volume 21, Issue 2,2016,Pages 135-139,ISSN 1507-1367,https://doi.org/10.1016/j.rpor.2014.10.006.				Usually a track structure assay at nm scale					obo:RBO_00005041																			
obo:RBO_00015003	microdosimetry assay				An assay of the pattern (frequency and spatial distribution) of ionization events produced by energy deposition in time and space in a substance characterized by linear dimensions of the order of 1-100 micrometers	See H.H. Rossi, Microdosimetry and Radiobiology, Radiation Protection Dosimetry, Volume 13, Issue 1-4, 1 December 1985, Pages 259�265, https://doi.org/10.1093/rpd/13.1-4.259 and Gustavo A. Santa Cruz,Microdosimetry: Principles and applications,Reports of Practical Oncology & Radiotherapy,Volume 21, Issue 2,2016,Pages 135-139,ISSN 1507-1367,https://doi.org/10.1016/j.rpor.2014.10.006.				Usually a track structure assay at micrometre scale					obo:RBO_00005041																			
obo:RBO_00015004	alpha decay				Nuclear decay in which an alpha particle is emitted.	https://goldbook.iupac.org/terms/view/A00005									http://purl.obolibrary.org/obo/ENVO_01001024	alpha-decay			http://purl.obolibrary.org/obo/REX_0000017															
obo:RBO_00015005	beta decay				Radioactive decay in which a beta particle is emitted or in which orbital electron capture occurs.	http://goldbook.iupac.org/B00572.html									http://purl.obolibrary.org/obo/ENVO_01001024	beta-decay			http://purl.obolibrary.org/obo/REX_0000007															
obo:RBO_00015006	subatomic process				Processes in which electrons or components of the atomic nucleus are participants.										BFO:0000015																			
